-- phpMyAdmin SQL Dump
-- version 5.2.1
-- https://www.phpmyadmin.net/
--
-- Host: 127.0.0.1
-- Generation Time: Nov 04, 2025 at 12:47 PM
-- Server version: 10.4.32-MariaDB
-- PHP Version: 8.2.12

SET SQL_MODE = "NO_AUTO_VALUE_ON_ZERO";
START TRANSACTION;
SET time_zone = "+00:00";


/*!40101 SET @OLD_CHARACTER_SET_CLIENT=@@CHARACTER_SET_CLIENT */;
/*!40101 SET @OLD_CHARACTER_SET_RESULTS=@@CHARACTER_SET_RESULTS */;
/*!40101 SET @OLD_COLLATION_CONNECTION=@@COLLATION_CONNECTION */;
/*!40101 SET NAMES utf8mb4 */;

--
-- Database: `libsys`
--

-- 1. DATABASE CREATION
-- Ensure your connection in connect.php points to 'libsys'
CREATE DATABASE IF NOT EXISTS `libsys`;
USE `libsys`;

-- --------------------------------------------------------

--
-- Table structure for table `roles`
--

CREATE TABLE IF NOT EXISTS `roles` (
  `role_id` int(10) UNSIGNED NOT NULL,
  `role_name` varchar(50) NOT NULL
) ENGINE=InnoDB DEFAULT CHARSET=utf8mb4;

--
-- Dumping data for table `roles`
--

INSERT INTO `roles` (`role_id`, `role_name`) VALUES
(1, 'Admin'),
(2, 'Librarian'),
(3, 'Member');

-- --------------------------------------------------------

--
-- Table structure for table `users`
--

CREATE TABLE IF NOT EXISTS `users` (
  `user_id` int(10) UNSIGNED NOT NULL,
  `role_id` int(10) UNSIGNED NOT NULL,
  `username` varchar(50) NOT NULL,
  `email` varchar(100) NOT NULL,
  `password_hash` varchar(255) NOT NULL,
  `first_name` varchar(50) DEFAULT NULL,
  `last_name` varchar(50) DEFAULT NULL,
  `registration_date` datetime NOT NULL DEFAULT current_timestamp()
) ENGINE=InnoDB DEFAULT CHARSET=utf8mb4;

--
-- Dumping data for table `users`
--

-- Insert example users. REPLACE 'PASSWORD_HASH_HERE' with a hash generated by PHP's password_hash().
-- Example of generating a hash in PHP: echo password_hash('testpass', PASSWORD_DEFAULT);
INSERT INTO `users` (`user_id`, `role_id`, `username`, `email`, `password_hash`, `first_name`, `last_name`) VALUES
(1, 1, 'admin_user', 'admin@library.com', '$2y$10$7zE8E8E8E8E8E8E8E8E8eO9O7eE.w.Vz1Vz1Vz1Vz1Vz1Vz1Vz1V', 'System', 'Admin'), -- Role 1: Admin
(2, 2, 'librarian_user', 'libby@library.com', '$2y$10$7zE8E8E8E8E8E8E8E8E8eO9O7eE.w.Vz1Vz1Vz1Vz1Vz1Vz1Vz1V', 'Libby', 'Smith'), -- Role 2: Librarian
(3, 3, 'member_user', 'member@library.com', '$2y$10$7zE8E8E8E8E8E8E8E8E8eO9O7eE.w.Vz1Vz1Vz1Vz1Vz1Vz1Vz1V', 'John', 'Doe'), -- Role 3: Member
(4, 3, 'jane_member', 'jane@library.com', '$2y$10$7zE8E8E8E8E8E8E8E8E8eO9O7eE.w.Vz1Vz1Vz1Vz1Vz1Vz1Vz1V', 'Jane', 'Smith'); -- Role 3: Member

-- --------------------------------------------------------

--
-- Table structure for table `books`
--

-- This table stores book metadata AND inventory counts for the book's title.
CREATE TABLE IF NOT EXISTS `books` (
  `book_id` int(10) UNSIGNED NOT NULL,
  `isbn` varchar(20) DEFAULT NULL,
  `title` varchar(255) NOT NULL,
  `author` varchar(255) NOT NULL,
  `publisher` varchar(100) DEFAULT NULL,
  `publication_year` year(4) DEFAULT NULL,
  `genre` varchar(50) DEFAULT NULL,
  `total_copies` int(10) UNSIGNED NOT NULL DEFAULT 1, -- Tracks the total number of physical copies
  `available_copies` int(10) UNSIGNED NOT NULL DEFAULT 1 -- Tracks the number of copies currently available for loan
) ENGINE=InnoDB DEFAULT CHARSET=utf8mb4;

--
-- Dumping data for table `books`
--
INSERT INTO `books` (`book_id`, `isbn`, `title`, `author`, `total_copies`, `available_copies`) VALUES
(1, '978-0743273565', 'The Great Gatsby', 'F. Scott Fitzgerald', 5, 5),
(2, '978-0061120084', 'To Kill a Mockingbird', 'Harper Lee', 3, 3),
(3, '978-0141439518', 'Pride and Prejudice', 'Jane Austen', 2, 0); -- Assume 2 copies, 0 available (both loaned out)

-- --------------------------------------------------------

--
-- Table structure for table `loans`
--

-- Tracks which member has borrowed which book and when it's due.
CREATE TABLE IF NOT EXISTS `loans` (
  `loan_id` int(10) UNSIGNED NOT NULL,
  `book_id` int(10) UNSIGNED NOT NULL,
  `user_id` int(10) UNSIGNED NOT NULL,
  `loan_date` date NOT NULL,
  `due_date` date NOT NULL,
  `return_date` date DEFAULT NULL -- NULL if the book is not yet returned (i.e., currently on loan)
) ENGINE=InnoDB DEFAULT CHARSET=utf8mb4;

--
-- Dumping data for table `loans`
--
INSERT INTO `loans` (`book_id`, `user_id`, `loan_date`, `due_date`, `return_date`) VALUES
(3, 3, CURDATE(), DATE_ADD(CURDATE(), INTERVAL 14 DAY), NULL), -- Loan of Pride and Prejudice to member_user (still out)
(3, 4, CURDATE(), DATE_ADD(CURDATE(), INTERVAL 14 DAY), NULL), -- Loan of Pride and Prejudice to jane_member (still out)
(1, 3, '2025-10-10', '2025-10-24', '2025-10-20'); -- Loan of The Great Gatsby (already returned)


-- --------------------------------------------------------
-- 7. NEW VIEW: book_loans_count (Calculates the number of copies currently on loan)
-- This view helps determine how many copies are currently checked out (return_date IS NULL) 
-- for each specific book title.
-- --------------------------------------------------------

CREATE OR REPLACE VIEW `book_loans_count` AS
SELECT
    book_id,
    COUNT(*) AS currently_on_loan
FROM
    `loans`
WHERE
    return_date IS NULL
GROUP BY
    book_id;

-- --------------------------------------------------------
-- 8. NEW VIEW: book_inventory_summary (Provides real-time inventory metrics)
-- This view provides the metrics you requested: Total Quantity, Available Copies, and Books On Loan.
-- It joins the books table with the new book_loans_count view.
-- --------------------------------------------------------

CREATE OR REPLACE VIEW `book_inventory_summary` AS
SELECT
    b.book_id,
    b.isbn,
    b.title,
    b.author,
    b.total_copies AS total_quantity, -- The total number of copies (what you called 'quantity')
    b.available_copies AS available_copies_app, -- Available copies maintained by the application
    COALESCE(l.currently_on_loan, 0) AS books_on_loan, -- The number of copies currently checked out
    (b.total_copies - COALESCE(l.currently_on_loan, 0)) AS available_copies_derived -- Available copies calculated from loans
FROM
    `books` b
LEFT JOIN
    `book_loans_count` l ON b.book_id = l.book_id;
-- Note: 'available_copies_app' and 'available_copies_derived' should match.
-- If they don't, it indicates an issue in the application's loan/return logic.


--
-- Indexes for dumped tables
--

--
-- Indexes for table `books`
--
ALTER TABLE `books`
  ADD PRIMARY KEY (`book_id`),
  ADD UNIQUE KEY `isbn` (`isbn`);

--
-- Indexes for table `loans`
--
ALTER TABLE `loans`
  ADD PRIMARY KEY (`loan_id`),
  ADD KEY `fk_loan_book` (`book_id`),
  ADD KEY `fk_loan_user` (`user_id`);

--
-- Indexes for table `roles`
--
ALTER TABLE `roles`
  ADD PRIMARY KEY (`role_id`),
  ADD UNIQUE KEY `role_name` (`role_name`);

--
-- Indexes for table `users`
--
ALTER TABLE `users`
  ADD PRIMARY KEY (`user_id`),
  ADD UNIQUE KEY `username` (`username`),
  ADD UNIQUE KEY `email` (`email`),
  ADD KEY `fk_user_role` (`role_id`);

--
-- AUTO_INCREMENT for dumped tables
--

--
-- AUTO_INCREMENT for table `books`
--
ALTER TABLE `books`
  MODIFY `book_id` int(10) UNSIGNED NOT NULL AUTO_INCREMENT, AUTO_INCREMENT=4;

--
-- AUTO_INCREMENT for table `loans`
--
ALTER TABLE `loans`
  MODIFY `loan_id` int(10) UNSIGNED NOT NULL AUTO_INCREMENT, AUTO_INCREMENT=4;

--
-- AUTO_INCREMENT for table `roles`
--
ALTER TABLE `roles`
  MODIFY `role_id` int(10) UNSIGNED NOT NULL AUTO_INCREMENT, AUTO_INCREMENT=4;

--
-- AUTO_INCREMENT for table `users`
--
ALTER TABLE `users`
  MODIFY `user_id` int(10) UNSIGNED NOT NULL AUTO_INCREMENT, AUTO_INCREMENT=5;

--
-- Constraints for dumped tables
--

--
-- Constraints for table `loans`
--
ALTER TABLE `loans`
  ADD CONSTRAINT `fk_loan_book` FOREIGN KEY (`book_id`) REFERENCES `books` (`book_id`),
  ADD CONSTRAINT `fk_loan_user` FOREIGN KEY (`user_id`) REFERENCES `users` (`user_id`);

--
-- Constraints for table `users`
--
ALTER TABLE `users`
  ADD CONSTRAINT `fk_user_role` FOREIGN KEY (`role_id`) REFERENCES `roles` (`role_id`);
COMMIT;

/*!40101 SET CHARACTER_SET_CLIENT=@OLD_CHARACTER_SET_CLIENT */;
/*!40101 SET CHARACTER_SET_RESULTS=@OLD_CHARACTER_SET_RESULTS */;
/*!40101 SET COLLATION_CONNECTION=@OLD_COLLATION_CONNECTION */;
